{"cameraMode":{"drawMode":0,"name":"Shaded","section":"Shading Mode"},"sceneLighting":true,"audioPlay":false,"sceneViewState":{"showFog":true,"showMaterialUpdate":true,"showSkybox":true,"showFlares":true,"showImageEffects":true,"showParticleSystems":true},"in2DMode":false,"pivot":{"x":4.001497268676758,"y":0.06452234089374542,"z":3.5968594551086427},"rotation":{"x":0.13904321193695069,"y":-0.00831638090312481,"z":0.0011677402071654797,"w":0.9902516007423401},"size":16.808591842651368,"orthographic":false}